{
	// Place your snippets for python here. Each snippet is defined under a snippet name and has a prefix, body and 
	// description. The prefix is what is used to trigger the snippet and the body will be expanded and inserted. Possible variables are:
	// $1, $2 for tab stops, $0 for the final cursor position, and ${1:label}, ${2:another} for placeholders. Placeholders with the 
	// same ids are connected.
	// Example:
	// "Print to console": {
	// 	"prefix": "log",
	// 	"body": [
	// 		"console.log('$1');",
	// 		"$2"
	// 	],
	// 	"description": "Log output to console"
	// }
	"Import Python Class Component":{
		"prefix": "hashh",
		"body": ["#perintah import library bcrypt",
			"import bcrypt",
			"",
			"#perintah untuk menampilkan input password",
			"password = input('Silahkan input password anda:')",
			"",			
			"#perintah untuk hashing password yang sebelumnya di encode terlebih dahulu",
			"hashed = bcrypt.hashpw(password.encode(), bcrypt.gensalt())",
			"",
			"#perintah untuk hashing password ke-2 yang sebelumnya di encode terlebih dahulu",
			"hashed2 = bcrypt.hashpw(password.encode(), bcrypt.gensalt())",
			"",
			"#verifikasi apakah benar password di hash",
			"valid = bcrypt.checkpw(password.encode(), hashed)",
			"",
			"#perintah untuk menampilkan hasil hashing password",
			"print ('Hasil hash password anda adalah:')",
			"print (hashed)",
			"print ()",
			"print ('Verifikasi apakah password sudah di hash(satu arah):')",
			"if valid == True:",
			"print ('Benar, password telah di hash')",
			"else:",
			"print ('Password tidak di hash')",
			"print ()",
			"print ('Hash ulang')",
			"print ('Jika hasil hashing dibawah tidak sama berarti one way password telah benar berlaku')",
			"print (hashed2)"
		]
	}
}